name,symbol,cg_id
Bitcoin,BTC,bitcoin
Ethereum,ETH,ethereum
Tether,USDT,tether
XRP,XRP,ripple
BNB,BNB,binancecoin
Solana,SOL,solana
USDC,USDC,usd-coin
Dogecoin,DOGE,dogecoin
TRON,TRX,tron
Lido Staked Ether,STETH,staked-ether
Cardano,ADA,cardano
Hyperliquid,HYPE,hyperliquid
Wrapped Bitcoin,WBTC,wrapped-bitcoin
Wrapped stETH,WSTETH,wrapped-steth
Sui,SUI,sui
Chainlink,LINK,chainlink
Avalanche,AVAX,avalanche-2
Stellar,XLM,stellar
Bitcoin Cash,BCH,bitcoin-cash
LEO Token,LEO,leo-token
Toncoin,TON,the-open-network
Shiba Inu,SHIB,shiba-inu
Wrapped eETH,WEETH,wrapped-eeth
USDS,USDS,usds
Hedera,HBAR,hedera-hashgraph
WETH,WETH,weth
Litecoin,LTC,litecoin
Polkadot,DOT,polkadot
Monero,XMR,monero
Binance Bridged USDT (BNB Smart Chain),BSC-USD,binance-bridged-usdt-bnb-smart-chain
Ethena USDe,USDE,ethena-usde
Bitget Token,BGB,bitget-token
Pepe,PEPE,pepe
Coinbase Wrapped BTC,CBBTC,coinbase-wrapped-btc
Uniswap,UNI,uniswap
Pi Network,PI,pi-network
WhiteBIT Coin,WBT,whitebit
Aave,AAVE,aave
Dai,DAI,dai
Ethena Staked USDe,SUSDE,ethena-staked-usde
Bittensor,TAO,bittensor
OKB,OKB,okb
Internet Computer,ICP,internet-computer
Aptos,APT,aptos
NEAR Protocol,NEAR,near
Cronos,CRO,crypto-com-chain
BlackRock USD Institutional Digital Liquidity Fund,BUIDL,blackrock-usd-institutional-digital-liquidity-fund
Jito Staked SOL,JITOSOL,jito-staked-sol
Ethereum Classic,ETC,ethereum-classic
Ondo,ONDO,ondo-finance
sUSDS,SUSDS,susds
Tokenize Xchange,TKX,tokenize-xchange
Kaspa,KAS,kaspa
Mantle,MNT,mantle
Gate,GT,gatechain-token
USD1,USD1,usd1-wlfi
VeChain,VET,vechain
Official Trump,TRUMP,official-trump
Ethena,ENA,ethena
Cosmos Hub,ATOM,cosmos
POL (ex-MATIC),POL,polygon-ecosystem-token
Render,RENDER,render-token
Artificial Superintelligence Alliance,FET,fetch-ai
Lombard Staked BTC,LBTC,lombard-staked-btc
Fasttoken,FTN,fasttoken
Arbitrum,ARB,arbitrum
Sky,SKY,sky
Filecoin,FIL,filecoin
Worldcoin,WLD,worldcoin-wld
Quant,QNT,quant-network
Binance-Peg WETH,WETH,binance-peg-weth
Algorand,ALGO,algorand
SPX6900,SPX,spx6900
Jupiter Perpetuals Liquidity Provider Token,JLP,jupiter-perpetuals-liquidity-provider-token
First Digital USD,FDUSD,first-digital-usd
USDT0,USDT0,usdt0
USDtb,USDTB,usdtb
KuCoin,KCS,kucoin-shares
Binance Staked SOL,BNSOL,binance-staked-sol
Celestia,TIA,celestia
Jupiter,JUP,jupiter-exchange-solana
Virtuals Protocol,VIRTUAL,virtual-protocol
Fartcoin,FARTCOIN,fartcoin
Rocket Pool ETH,RETH,rocket-pool-eth
Kelp DAO Restaked ETH,RSETH,kelp-dao-restaked-eth
Bonk,BONK,bonk
Injective,INJ,injective-protocol
Flare,FLR,flare-networks
NEXO,NEXO,nexo
Sonic,S,sonic-3
Optimism,OP,optimism
Story,IP,story-2
XDC Network,XDC,xdce-crowd-sale
Stacks,STX,blockstack
Sei,SEI,sei-network
Mantle Staked Ether,METH,mantle-staked-ether
Kaia,KAIA,kaia
Binance Bridged USDC (BNB Smart Chain),USDC,binance-bridged-usdc-bnb-smart-chain
Polygon Bridged USDT (Polygon),USDT,polygon-bridged-usdt-polygon
StakeWise Staked ETH,OSETH,stakewise-v3-oseth
Solv Protocol BTC,SOLVBTC,solv-btc
PayPal USD,PYUSD,paypal-usd
Vaulta,A,vaulta
dogwifhat,WIF,dogwifcoin
Immutable,IMX,immutable-x
Renzo Restaked ETH,EZETH,renzo-restaked-eth
The Graph,GRT,the-graph
Wrapped BNB,WBNB,wbnb
Arbitrum Bridged WBTC (Arbitrum One),WBTC,arbitrum-bridged-wbtc-arbitrum-one
Curve DAO,CRV,curve-dao-token
FLOKI,FLOKI,floki
Lido DAO,LDO,lido-dao
clBTC,CLBTC,clbtc
Tether Gold,XAUT,tether-gold
PAX Gold,PAXG,pax-gold
Jupiter Staked SOL,JUPSOL,jupiter-staked-sol
PancakeSwap,CAKE,pancakeswap-token
Zcash,ZEC,zcash
Theta Network,THETA,theta-token
Marinade Staked SOL,MSOL,msol
GALA,GALA,gala
Ethereum Name Service,ENS,ethereum-name-service
IOTA,IOTA,iota
SyrupUSDC,SYRUPUSDC,syrupusdc
Jito,JTO,jito-governance-token
Walrus,WAL,walrus-2
Pudgy Penguins,PENGU,pudgy-penguins
OUSG,OUSG,ousg
The Sandbox,SAND,the-sandbox
JasmyCoin,JASMY,jasmycoin
Pyth Network,PYTH,pyth-network
BitTorrent,BTT,bittorrent
Stables Labs USDX,USDX,usdx-money-usdx
Raydium,RAY,raydium
Bitcoin SV,BSV,bitcoin-cash-sv
Pendle,PENDLE,pendle
Tezos,XTZ,tezos
Core,CORE,coredaoorg
Usual USD,USD0,usual-usd
Polyhedra Network,ZKJ,polyhedra-network
Wrapped HYPE,WHYPE,wrapped-hype
Super OETH,SUPEROETH,super-oeth
Saros,SAROS,saros-finance
Solv Protocol Staked BTC,XSOLVBTC,solv-protocol-solvbtc-bbn
Flow,FLOW,flow
Ondo US Dollar Yield,USDY,ondo-us-dollar-yield
THORChain,RUNE,thorchain
ApeCoin,APE,apecoin
L2 Standard Bridged WETH (Base),WETH,l2-standard-bridged-weth-base
cgETH Hashkey Cloud,CGETH.HASHKEY,cgeth-hashkey-cloud
Falcon USD,USDF,falcon-finance
Mantle Restaked ETH,CMETH,mantle-restaked-eth
Maple Finance,SYRUP,syrup
Liquid Staked ETH,LSETH,liquid-staked-ethereum
Decentraland,MANA,decentraland
Brett,BRETT,based-brett
Avalanche Bridged BTC (Avalanche),BTC.B,bitcoin-avalanche-bridged-btc-b
Helium,HNT,helium
Arbitrum Bridged WETH (Arbitrum One),WETH,arbitrum-bridged-weth-arbitrum-one
DeXe,DEXE,dexe
Compound,COMP,compound-governance-token
tBTC,TBTC,tbtc
Keeta,KTA,keeta
Onyxcoin,XCN,chain-2
TrueUSD,TUSD,true-usd
Grass,GRASS,grass
Ket,KET,ket
Binance-Peg Dogecoin,DOGE,binance-peg-dogecoin
Aethir,ATH,aethir
Axelar,AXL,axelar
Eigenlayer,EIGEN,eigenlayer
AIOZ Network,AIOZ,aioz-network
Aerodrome Finance,AERO,aerodrome-finance
Staked HYPE,STHYPE,staked-hype
Kava,KAVA,kava
Starknet,STRK,starknet
EOS,EOS,eos
Beldex,BDX,beldex
Arweave,AR,arweave
dYdX,DYDX,dydx-chain
Morpho,MORPHO,morpho
eCash,XEC,ecash
Bridged USDC (Polygon PoS Bridge),USDC.E,bridged-usdc-polygon-pos-bridge
NEO,NEO,neo
pumpBTC,PUMPBTC,pumpbtc
USDD,USDD,usdd
MultiversX,EGLD,elrond-erd-2
Mog Coin,MOG,mog-coin
Stader ETHx,ETHX,stader-ethx
MimbleWimbleCoin,MWC,mimblewimblecoin
Ripple USD,RLUSD,ripple-usd
Conflux,CFX,conflux-token
Dog (Bitcoin),DOG,dog-go-to-the-moon-rune
APENFT,NFT,apenft
DeepBook,DEEP,deep
Telcoin,TEL,telcoin
ether.fi Staked ETH,EETH,ether-fi-staked-eth
Circle USYC,USYC,hashnote-usyc
Axie Infinity,AXS,axie-infinity
USDB,USDB,usdb
Ether.fi,ETHFI,ether-fi
Reserve Rights,RSR,reserve-rights-token
Movement,MOVE,movement
KAITO,KAITO,kaito
Coinbase Wrapped Staked ETH,CBETH,coinbase-wrapped-staked-eth
Mantle Bridged USDT (Mantle),USDT,mantle-bridged-usdt-mantle
Chiliz,CHZ,chiliz
Ronin,RON,ronin
Swell Ethereum,SWETH,sweth
Zebec Network,ZBCN,zebec-network
BUILDon,B,build-on
Sun Token,SUN,sun-token
Polygon PoS Bridged WETH (Polygon POS),WETH,polygon-pos-bridged-weth-polygon-pos
Akash Network,AKT,akash-network
Popcat,POPCAT,popcat
Polygon Bridged WBTC (Polygon POS),WBTC,polygon-bridged-wbtc-polygon-pos
Ravencoin,RVN,ravencoin
Beam,BEAM,beam-2
Wormhole,W,wormhole
Ether.fi Staked BTC,EBTC,ether-fi-staked-btc
Amp,AMP,amp-token
JUST,JST,just
Bybit Staked SOL,BBSOL,bybit-staked-sol
Trust Wallet,TWT,trust-wallet-token
Frax Ether,FRXETH,frax-ether
Terra Luna Classic,LUNC,terra-luna
Polygon,MATIC,matic-network
Olympus,OHM,olympus
Wrapped AVAX,WAVAX,wrapped-avax
Gnosis,GNO,gnosis
Global Dollar,USDG,global-dollar
Legacy Frax Dollar,FRAX,frax
Livepeer,LPT,livepeer
Binance-Peg BUSD,BUSD,binance-peg-busd
Creditcoin,CTC,creditcoin-2
SuperVerse,SUPER,superfarm
1inch,1INCH,1inch
Cheems Token,CHEEMS,cheems-token
Turbo,TURBO,turbo
aBTC,ABTC,abtc
Safe,SAFE,safe
Venom,VENOM,venom
OpenEden OpenDollar,USDO,openeden-open-dollar
cat in a dogs world,MEW,cat-in-a-dogs-world
MANTRA,OM,mantra-dao
BENQI Liquid Staked AVAX,SAVAX,benqi-liquid-staked-avax
Compounding OpenDollar,CUSDO,compounding-open-dollar
Berachain,BERA,berachain-bera
cWBTC,CWBTC,compound-wrapped-btc
Kusama,KSM,kusama
Polygon PoS Bridged DAI (Polygon POS),DAI,polygon-pos-bridged-dai-polygon-pos
BTSE Token,BTSE,btse-token
Dash,DASH,dash
Drift Staked SOL,DSOL,drift-staked-sol
Peanut the Squirrel,PNUT,peanut-the-squirrel
Plume,PLUME,plume
Trip,TRIP,trip
Staked Frax Ether,SFRXETH,staked-frax-ether
MX,MX,mx-token
Mina Protocol,MINA,mina-protocol
Frax (prev. FXS),FRAX,frax-share
Decred,DCR,decred
Theta Fuel,TFUEL,theta-fuel
ETHPlus,ETH+,reserve-protocol-eth-plus
SafePal,SFP,safepal
Gigachad,GIGA,gigachad-2
LayerZero,ZRO,layerzero
Golem,GLM,golem
Synthetix Network,SNX,havven
CHEX Token,CHEX,chex-token
Toshi,TOSHI,toshi
Baby Doge Coin,BABYDOGE,baby-doge-coin
Zilliqa,ZIL,zilliqa
Notcoin,NOT,notcoin
Treehouse ETH,TETH,treehouse-eth
Qtum,QTUM,qtum
Convex Finance,CVX,convex-finance
Moca Network,MOCA,mocaverse
Arkham,ARKM,arkham
Aave USDC (Sonic),ASONUSDC,aave-usdc-sonic
Spiko EU T-Bills Money Market Fund,EUTBL,eutbl
Solana Swap,SOS,solana-swap
Astar,ASTR,astar
GHO,GHO,gho
Resolv USR,USR,resolv-usr
KOGE,KOGE,bnb48-club-token
ai16z,AI16Z,ai16z
Universal BTC,UNIBTC,universal-btc
Wrapped Beacon ETH,WBETH,wrapped-beacon-eth
Wrapped Ether (Mantle Bridge),WETH,wrapped-ether-mantle-bridge
Blur,BLUR,blur
0x Protocol,ZRX,0x
Oasis,ROSE,oasis-network
Neiro,NEIRO,neiro-3
SwissBorg,BORG,swissborg
Basic Attention,BAT,basic-attention-token
Launch Coin on Believe,LAUNCHCOIN,ben-pasternak
Verus,VRSC,verus-coin
ZKsync,ZK,zksync
EURC,EURC,euro-coin
Evolve,EVOLVE,evolve-2
IoTeX,IOTX,iotex
Gas,GAS,gas
Tribe,TRIBE,tribe-2
USDa,USDA,usda-2
Snek,SNEK,snek
Nervos Network,CKB,nervos-network
Freysa AI,FAI,freysa-ai
Tradable NA Rent Financing Platform SSTN,PC0000031,tradable-na-rent-financing-platform-sstn
VeThor,VTHO,vethor-token
AgentFun.AI,AGENTFUN,agentfun-ai
OriginTrail,TRAC,origintrail
Blockchain Capital,BCAP,blockchain-capital
Siacoin,SC,siacoin
ZetaChain,ZETA,zetachain
Qubic,QUBIC,qubic-network
ORDI,ORDI,ordinals
yearn.finance,YFI,yearn-finance
Vana,VANA,vana
Infrared Bera,IBERA,infrared-bera
CoW Protocol,COW,cow-protocol
SQD,SQD,subsquid
Celo,CELO,celo
Moo Deng,MOODENG,moo-deng
Echelon Prime,PRIME,echelon-prime
Aster Staked BNB,ASBNB,astherus-staked-bnb
Stargate Finance,STG,stargate-finance
Binance-Peg SOL,SOL,binance-peg-sol
Holo,HOT,holotoken
Elixir deUSD,DEUSD,elixir-deusd
Animecoin,ANIME,anime
Steakhouse USDC Morpho Vault,STEAKUSDC,steakhouse-usdc-morpho-vault
Harmony,ONE,harmony
ICON,ICX,icon
aelf,ELF,aelf
Casper Network,CSPR,casper-network
aixbt by Virtuals,AIXBT,aixbt
GoMining Token,GOMINING,gmt-token
Polymesh,POLYX,polymesh
GMX,GMX,gmx
WEMIX,WEMIX,wemix-token
Purr,PURR,purr-2
Lagrange,LA,lagrange
Bridged Ether (StarkGate),ETH,bridged-wrapped-ether-starkgate
Ankr Network,ANKR,ankr
Nexus Mutual,NXM,nxm
CoinEx,CET,coinex-token
Chia,XCH,chia
EthereumPoW,ETHW,ethereum-pow-iou
Solayer,LAYER,solayer
Mask Network,MASK,mask-network
UXLINK,UXLINK,uxlink
Kinesis Gold,KAU,kinesis-gold
SKOR AI,SKORAI,skor-ai
Wrapped fragSOL,WFRAGSOL,wrapped-fragsol
Drift Protocol,DRIFT,drift-protocol
DigiByte,DGB,digibyte
WOO,WOO,woo-network
GMT,GMT,stepn
Zano,ZANO,zano
Fluid,FLUID,instadapp
Threshold Network,T,threshold-network-token
Horizen,ZEN,zencash
Kadena,KDA,kadena
Euler,EUL,euler
Babylon,BABY,babylon
ZIGChain,ZIG,zignaly
MAG7.ssi,MAG7.SSI,mag7-ssi
XYO Network,XYO,xyo-network
Rekt,REKT,rekt-4
TDCCP,TDCCP,tdccp
Rocket Pool,RPL,rocket-pool
Sui Bridged USDT (Sui),SBUSDT,sui-bridged-usdt-sui
STASIS EURO,EURS,stasis-eurs
Orca,ORCA,orca
MimboGameGroup,MGG,mimbogamegroup
Origin Ether,OETH,origin-ether
Osmosis,OSMO,osmosis
Kinesis Silver,KAG,kinesis-silver
cETH,CETH,compound-ether
KUB Coin,KUB,bitkub-coin
Enjin Coin,ENJ,enjincoin
Sushi,SUSHI,sushi
Resolv RLP,RLP,resolv-rlp
BORA,BORA,bora
Cronos Bridged USDC (Cronos),USDC,cronos-bridged-usdc-cronos
Paycoin,PCI,pay-coin
GOHOME,GOHOME,gohome
Daku,DAKU,der-daku
crvUSD,CRVUSD,crvusd
SWFTCOIN,SWFTC,swftcoin
Nano,XNO,nano
AWE Network,AWE,stp-network
Kamino,KMNO,kamino
BitDCA,BDCA,bitdca
io.net,IO,io
Magic Eden,ME,magic-eden
BOOK OF MEME,BOME,book-of-meme
Ontology,ONT,ontology
Level USD,LVLUSD,level-usd
Coinshift USDL Morpho Vault,CSUSDL,coinshift-usdl-morpho-vault
AUSD,AUSD,agora-dollar
World Mobile Token,WMTX,world-mobile-token
Cookie DAO,COOKIE,cookie
Amnis Aptos,AMAPT,amnis-aptos
SKALE,SKL,skale
UMA,UMA,uma
Pocket Network,POKT,pocket-network
COTI,COTI,coti
Anzen USDz,USDZ,anzen-usdz
Function �BTC,FBTC,ignition-fbtc
Resupply USD,REUSD,resupply-usd
Acet,ACT,acet-token
Goatseus Maximus,GOAT,goatseus-maximus
Tellor Tributes,TRB,tellor
Illuvium,ILV,illuvium
Chutes,CHUTES,dtao-64-Chutes
Solar,SXP,swipe
Terra,LUNA,terra-luna-2
Non-Playable Coin,NPC,non-playable-coin
Metis,METIS,metis-token
Status,SNT,status
Mythos,MYTH,mythos
LMGroupToken,LMGX,lmgrouptoken
LCX,LCX,lcx
PAAL AI,PAAL,paal-ai
Melania Meme,MELANIA,melania-meme
VVS Finance,VVS,vvs-finance
Gamebitcoin Power,PWR,gamebitcoin-power
Venice Token,VVV,venice-token
Hivemapper,HONEY,hivemapper
Verasity,VRA,verasity
Alchemist AI,ALCH,alchemist-ai
Big Time,BIGTIME,big-time
AI Companions,AIC,ai-companions
ViciCoin,VCNT,vicicoin
Hive,HIVE,hive
Chutes,SN64,chutes
Siren,SIREN,siren-2
Lorenzo stBTC,STBTC,lorenzo-stbtc
Ozone Chain,OZO,ozone-chain
Bio Protocol,BIO,bio-protocol
Request,REQ,request-network
Ribbita by Virtuals,TIBBIR,ribbita-by-virtuals
Aster USDF,USDF,astherus-usdf
Venus,XVS,venus
Waves,WAVES,waves
ConstitutionDAO,PEOPLE,constitutiondao
Moonwell,WELL,moonwell-artemis
Zenrock BTC,ZENBTC,wrapped-zenbtc
sBTC,SBTC,sbtc-2
Resolv wstUSR,WSTUSR,resolv-wstusr
Conscious Token,CONSCIOUS,conscious-token
Noble Dollar (USDN),USDN,noble-dollar-usdn
Band Protocol,BAND,band-protocol
Metaplex,MPLX,metaplex
Liquity,LQTY,liquity
Beets Staked Sonic,STS,beets-staked-sonic
Spiko US T-Bills Money Market Fund,USTBL,spiko-us-t-bills-money-market-fund
TNQ,TNQ,trinique
Rollbit Coin,RLB,rollbit-coin
Loopring,LRC,loopring
Usual,USUAL,usual
Entangle,NTGL,entangle
Sophon,SOPH,sophon
IOST,IOST,iostoken
Sologenic,SOLO,solo-coin
Lift Dollar,USDL,lift-dollar
SingularityNET,AGIX,singularitynet
GAL (migrated to Gravity - G),GAL,project-galaxy
Constellation,DAG,constellation-labs
Degen,DEGEN,degen-base
Clearpool,CPOOL,clearpool
Centrifuge [OLD],CFG,centrifuge
Alchemy Pay,ACH,alchemy-pay
Solidus Ai Tech,AITECH,solidus-aitech
Optimism Bridged WBTC (Optimism),WBTC,optimism-bridged-wbtc-optimism
Energy Web,EWT,energy-web-token
QL1 Bridged USDT (QL1),QUSDT,qusdt
Solv Protocol SolvBTC Jupiter,SOLVBTC.JUP,solv-protocol-solvbtc-jupiter
Biconomy,BICO,biconomy
Restaked Swell ETH,RSWETH,restaked-swell-eth
Prom,PROM,prometeus
AltLayer,ALT,altlayer
Ardor,ARDR,ardor
Yield Guild Games,YGG,yield-guild-games
Delysium,AGI,delysium
Manta Network,MANTA,manta-network
NKYC Token,NKYC,nkyc-token
Gravity (by Galxe),G,g-token
PHALA,PHA,pha
The Grays Currency,PTGC,the-grays-currency
BitMart,BMX,bitmart-token
Diverge Loop,DLC,diamond-launch
Elixir Staked deUSD,SDEUSD,elixir-staked-deusd
Velo,VELO,velo
Verge,XVG,verge
Initia,INIT,initia
0x0.ai: AI Smart Contract,0X0,0x0-ai-ai-smart-contract
L2 Standard Bridged frxUSD,FRXUSD,l2-standard-bridged-frxusd
Orbs,ORBS,orbs
XPR Network,XPR,proton
CARV,CARV,carv
Arbitrum Bridged USDC (Arbitrum),USDC.E,usd-coin-ethereum-bridged
SATS (Ordinals),SATS,sats-ordinals
HarryPotterObamaSonic10Inu (ETH),BITCOIN,harrypotterobamasonic10in
Relend USDC,REUSDC,relend-usdc
L2 Standard Bridged WETH (Optimism),WETH,l2-standard-bridged-weth-optimism
Cetus Protocol,CETUS,cetus-protocol
RedStone,RED,redstone-oracles
Api3,API3,api3
OKT Chain,OKT,oec-token
Undeads Games,UDS,undeads-games
Audius,AUDIO,audius
Stratis,STRAX,stratis
DOLA,DOLA,dola-usd
MVL,MVL,mass-vehicle-ledger
Dymension,DYM,dymension
Tokenlon,LON,tokenlon
NexusMind,NMD,nexusmind
Aevo,AEVO,aevo-exchange
Cronos Bridged USDT (Cronos),USDT,cronos-bridged-usdt-cronos
Powerledger,POWR,power-ledger
Memecoin,MEME,memecoin-2
HOME,HOME,home
Solayer Staked SOL,SSOL,solayer-staked-sol
L2 Standard Bridged WETH (Blast),WETH,l2-standard-bridged-weth-blast
Flux,FLUX,zelcash
Songbird,SGB,songbird
TempleDAO,TEMPLE,temple
B3 (Base),B3,b3
Neiro on ETH,NEIRO,neiro-on-eth
IQ,IQ,everipedia
Staked Level USD,SLVLUSD,level-staked-usd
Sign,SIGN,sign-global
Spell,SPELL,spell-token
ChainGPT,CGPT,chaingpt
Lisk,LSK,lisk
peaq,PEAQ,peaq-2
Civic,CVC,civic
MetFi,METFI,metfi-2
Coreum,COREUM,coreum
Moonwell Flagship ETH (Morpho Vault),MWETH,moonwell-flagship-eth-morpho-vault
Zeus Network,ZEUS,zeus-network
Renzo Restaked LST,PZETH,renzo-restaked-lst
Xai,XAI,xai-blockchain
PONKE,PONKE,ponke
Apollo Diversified Credit Securitize Fund,ACRED,apollo-diversified-credit-securitize-fund
MiL.k,MLK,milk-alliance
Pundi X,PUNDIX,pundi-x-2
Across Protocol,ACX,across-protocol
aura,AURA,aura-on-sol
Moonbeam,GLMR,moonbeam
Blast,BLAST,blast
Sonic SVM,SONIC,sonic-svm
Stronghold,SHX,stronghold-token
Banana Gun,BANANA,banana-gun
Huma Finance,HUMA,huma-finance
ALEO,ALEO,aleo
USDX,USDX,usdx
WAX,WAXP,wax
Reservoir rUSD,RUSD,reservoir-rusd
Dogs,DOGS,dogs-2
Rei,REI,unit-00-rei
Layerzero Bridged weETH (Swellchain),WEETH,layerzero-bridged-weeth-swellchain
Omni Network,OMNI,omni-network
dKargo,DKA,dkargo
SPACE ID,ID,space-id
BCGame Coin,BC,bc-token
Arcblock,ABT,arcblock
Taiko,TAIKO,taiko
Bancor Network,BNT,bancor
Ontology Gas,ONG,ong
WalletConnect Token,WCT,connect-token-wct
iExec RLC,RLC,iexec-rlc
Solv Protocol SolvBTC.CORE,SOLVBTC.CORE,solv-protocol-solvbtc-core
Kelp Gain,AGETH,kelp-gain
Marlin,POND,marlin
ao Computer,AO,ao-computer
Polymath,POLY,polymath
Adventure Gold,AGLD,adventure-gold
BULLA,BULLA,bulla-3
BTU Protocol,BTU,btu-protocol
SSV Network,SSV,ssv-network
Ronin Bridged WETH (Ronin),WETH,ronin-bridged-weth-ronin
ARK,ARK,ark
Pax Dollar,USDP,paxos-standard
Apu Apustaja,APU,apu-s-club
Dogelon Mars,ELON,dogelon-mars
Saga,SAGA,saga-2
Chromia,CHR,chromaway
Ergo,ERG,ergo
Global Commercial Business,GCB,global-commercial-business
Bucket Protocol BUCK Stablecoin,BUCK,bucket-protocol-buck-stablecoin
Merlin Chain,MERL,merlin-chain
Bridged Wrapped stETH (Gnosis),WSTETH,bridged-wrapped-steth-gnosis
Balancer,BAL,balancer
Nillion,NIL,nillion
MIU,MIU,miu-2
LiquidLaunch,LIQD,liquidlaunch
Felix feUSD,FEUSD,felix-feusd
Pundi AI,PUNDIAI,pundi-aifx
sUSDa,SUSDA,susda
MEOW,MEOW,meow
APF coin,APFC,apf-coin
Steem,STEEM,steem
Dent,DENT,dent
Goldfinch,GFI,goldfinch
BabyBoomToken,BBT,babyboomtoken
BLOCKv,VEE,blockv
Hamster Kombat,HMSTR,hamster-kombat
Solana Name Service (prev. Bonfida),FIDA,bonfida
Rings scBTC,SCBTC,rings-scbtc
Bounce,AUCTION,auction
Medibloc,MED,medibloc
Osaka Protocol,OSAK,osaka-protocol
Staked FRAX,SFRAX,staked-frax
Geodnet,GEOD,geodnet
Radix,XRD,radix
ROAM Token,ROAM,roam-token
Fimarkcoin.com,FMC,fimarkcoin-com
TerraClassicUSD,USTC,terrausd
Avail,AVAIL,avail
JOE,JOE,joe
ANDY ETH,ANDY,andy-the-wisguy
Zircuit,ZRC,zircuit
TARS AI,TAI,tars-protocol
Ocean Protocol,OCEAN,ocean-protocol
Numeraire,NMR,numeraire
Shuffle,SHFL,shuffle-2
Hey Anon,ANON,heyanon
f(x) Protocol fxUSD,FXUSD,f-x-protocol-fxusd
MindWaveDAO,NILA,mindwavedao
Bone ShibaSwap,BONE,bone-shibaswap
Bit2Me,B2M,bit2me
Solv Protocol,SOLV,solv-protocol
Puff The Dragon,PUFF,puff-the-dragon
Wilder World,WILD,wilder-world
Unipoly,UNP,unipoly
Metal DAO,MTL,metal
Moonriver,MOVR,moonriver
Vanar Chain,VANRY,vanar-chain
Frax USD,FRXUSD,frax-usd
Wrapped POL,WPOL,wmatic
Avant USD,AVUSD,avant-usd
Iagon,IAG,iagon
Incrypt,INC,incrypt
USUALx,USUALX,usualx
Liqwid Finance,LQ,liqwid-finance
Neutron,NTRN,neutron-3
Honey,HONEY,honey-3
Renzo Restaked SOL,EZSOL,renzo-restaked-sol
Infinitar Governance Token,IGT,infinitar-governance-token
Zentry,ZENT,zentry
Humans.ai,HEART,humans-ai
SpaceN,SN,spacen
StakeStone Berachain Vault Token,BERASTONE,stakestone-berachain-vault-token
GameBuild,GAME,gamebuild
Smooth Love Potion,SLP,smooth-love-potion
Banana For Scale,BANANAS31,banana-for-scale-2
Kyber Network Crystal,KNC,kyber-network-crystal
ECOMI,OMI,ecomi
Propy,PRO,propy
Oasys,OAS,oasys
Looped Hype,LHYPE,looped-hype
Supra,SUPRA,supra
NEM,XEM,nem
Aergo,AERGO,aergo
BUSD,BUSD,binance-usd
Nosana,NOS,nosana
Ski Mask Dog,SKI,ski-mask-dog
Oraichain,ORAI,oraichain-token
RealLink,REAL,reallink
Avant Staked USD,SAVUSD,avant-staked-usd
Particle Network,PARTI,particle-network
Scroll,SCR,scroll
SaaSGo,SAAS,saasgo
Tokamak Network,TON,tokamak-network
Just a chill guy,CHILLGUY,chill-guy
ResearchCoin,RSC,researchcoin
Central African Republic Meme,CAR,central-african-republic-meme
Cartesi,CTSI,cartesi
Gemini Dollar,GUSD,gemini-dollar
Comedian,BAN,comedian
Seedify.fund,SFUND,seedify-fund
Magic Internet Money (Ethereum),MIM,magic-internet-money
Bridged Tether (opBNB),USDT,bridged-tether-opbnb
Railgun,RAIL,railgun
VaderAI by Virtuals,VADER,vaderai-by-virtuals
VanEck Treasury Fund,VBILL,vaneck-treasury-fund
The Arena,ARENA,the-arena
SoSoValue,SOSO,sosovalue
CYBER,CYBER,cyberconnect
BENQI,QI,benqi
Secret,SCRT,secret
Bifrost,BFC,bifrost
Fuel Network,FUEL,fuel-network
Fwog,FWOG,fwog
Standard Bridged USDC.e (Optimism),USDC.E,bridged-usd-coin-optimism
Cronos Bridged WBTC (Cronos),WBTC,cronos-bridged-wbtc-cronos
Rootstock Infrastructure Framework,RIF,rif-token
Islamic Coin,ISLM,islamic-coin
Access Protocol,ACS,access-protocol
CorgiAI,CORGIAI,corgiai
Sundog,SUNDOG,sundog
Marinade,MNDE,marinade
Artificial Liquid Intelligence,ALI,alethea-artificial-liquid-intelligence-token
Autonolas,OLAS,autonolas
TAOHash,TAOHASH,dtao-14-TAOHash
Metal Blockchain,METAL,metal-blockchain
Escoin,ELG,escoin-token
BIM,BIM,bim-2
XPLA,XPLA,xpla
SMARDEX,SDEX,smardex
WINkLink,WIN,wink
DIA,DIA,dia-data
PinLink,PIN,pinlink
QuarkChain,QKC,quark-chain
Hunt,HUNT,hunt-token
Zedxion,ZEDXION,zedxion
Gods Unchained,GODS,gods-unchained
GRIFFAIN,GRIFFAIN,griffain
Web 3 Dollar,USD3,web-3-dollar
TruFin Staked APT,TRUAPT,trufin-staked-apt
AI Analysis Token,AIAT,ai-analysis-token
Plume USD,PUSD,plume-usd
Celer Network,CELR,celer-network
Coin98,C98,coin98
TAOHash,SN14,taohash
Hippo Protocol,HP,hippo-protocol
Aurora,AURORA,aurora-near
?emplar,?EMPLAR,dtao-3-?emplar
Myria,MYRIA,myria
Velodrome Finance,VELO,velodrome-finance
MMX,MMX,m2-global-wealth-limited-mmx
Resolv,RESOLV,resolv
BugsCoin,BGSC,bugscoin
Overnight.fi USD+,USD+,usd
Sygnum FIUSD Liquidity Fund,FIUSD,sygnum-fiusd-liquidity-fund
EUR CoinVertible,EURCV,societe-generale-forge-eurcv
Anvil,ANVL,anvil
AxonDAO Governance Token,AXGT,axondao-governance-token
Mountain Protocol USD,USDM,mountain-protocol-usdm
SuperWalk GRND,GRND,superwalk
Kujira,KUJI,kujira
TOKPIE,TKP,tokpie
TrueFi,TRU,truefi
Cobak,CBK,cobak-token
High Growth ETH,HGETH,high-growth-eth
Hippocrat,HPO,humanscape
LandWolf,WOLF,landwolf-0x67
Targon,TARGON,dtao-4-Targon
Simon's Cat,CAT,simon-s-cat
SuperRare,RARE,superrare
GoPlus Security,GPS,goplus-security
Sanctum Infinity,INF,socean-staked-sol
Avalanche Bridged WBTC (Avalanche),WBTC,avalanche-old-bridged-wbtc-avalanche
Gradients,GRADIENTS,dtao-56-Gradients
LOFI,LOFI,lofi-2
Act I The AI Prophecy,ACT,act-i-the-ai-prophecy
MARBLEX,MBX,marblex
Huobi,HT,huobi-token
BounceBit,BB,bouncebit
?emplar,SN3,templar
Avalanche Bridged USDC (Avalanche),USDC.E,usd-coin-avalanche-bridged-usdc-e
Crypto Trading Fund,CTF,crypto-trading-fund
DevvE,DEVVE,devve
Stride,STRD,stride
Keyboard Cat (Base),KEYCAT,keyboard-cat-base
Hydration,HDX,hydradx
Savings crvUSD,SCRVUSD,savings-crvusd
Quantum Resistant Ledger,QRL,quantum-resistant-ledger
Gearbox,GEAR,gearbox
QANplatform,QANX,qanplatform
HashAI,HASHAI,hashai
Targon,SN4,targon
PepeCoin,PEPECOIN,pepecoin-2
Ekubo Protocol,EKUBO,ekubo-protocol
Bitcoin Wizards,WZRD,bitcoin-wizards
Avalanche Bridged WETH (Avalanche),WETH,avalanche-bridged-weth-avalanche
Celium,CELIUM,dtao-51-Celium
Alephium,ALPH,alephium
MovieBloc,MBL,moviebloc
MyShell,SHELL,myshell
TokenFi,TOKEN,tokenfi
Gradients,SN56,gradients
Concordium,CCD,concordium
Coq Inu,COQ,coq-inu
Boba Network,BOBA,boba-network
Tensor,TNSR,tensor
XION,XION,xion-2
Decentralized Social,DESO,deso
Whiteheart,WHITE,whiteheart
Binance-Peg Avalanche,AVAX,binance-peg-avalanche
Wrapped Cygnus USD,WCGUSD,wrapped-cygnus-usd
doginme,DOGINME,doginme
Maxi PayFi Strategy Token,MPST,maxi-payfi-strategy-token
FUNToken,FUN,funfair
SOON,SOON,soon-2
Stargate Bridged USDC (Plume),USDC.E,stargate-bridged-usdc-plume
Wrapped NXM,WNXM,wrapped-nxm
DODO,DODO,dodo
inSure DeFi,SURE,insure
Austin Capitals,AUX,austin-capitals
Connex,CONX,connex
Useless Coin,USELESS,useless-3
Liquity USD,LUSD,liquity-usd
Hypurr Fun,HFUN,hypurr-fun
Shentu,CTK,certik
Wayfinder,PROMPT,wayfinder
Inception Restaked stETH Symbiotic,INWSTETHS,inception-restaked-steth-symbiotic
Seraph,SERAPH,seraph
My Neighbor Alice,ALICE,my-neighbor-alice
AVA (Travala),AVA,concierge-io
IXS,IXS,ix-swap
Helder,HELDER,helder
Milady Meme Coin,LADYS,milady-meme-coin
Forta,FORT,forta
Celium,SN51,celium
dForce,DF,dforce-token
Lista DAO,LISTA,lista
Treasure,MAGIC,magic
Cudos,CUDOS,cudos
Sui Bridged Ether (Sui),SBETH,sui-bridged-ether-sui
Wrapped XRP,WXRP,wrapped-xrp
LAMBO,LAMBO,lambo-4
Efinity,EFI,efinity
Origin Token,OGN,origin-protocol
Kekius Maximus,KEKIUS,kekius-maximus
Keep Network,KEEP,keep-network
Universal ETH,UNIETH,universal-eth
deBridge,DBR,debridge
GAME by Virtuals,GAME,game-by-virtuals
Mansory Token,MNSRY,mansory-token
Metadium,META,metadium
Polygon Hermez Bridged USDT (x Layer),USDT,polygon-hermez-bridged-usdt-x-layer
Storj,STORJ,storj
T-mac DAO,TMG,t-mac-dao
VedoraAI,VED,vedoraai
TruFin Staked MATIC,TRUMATIC,trufin-staked-matic
Sai,SAI,sai
Slerf,SLERF,slerf
Test,TST,test-3
Fusionist,ACE,endurance
Staked Frax USD,SFRXUSD,staked-frax-usd
sUSD,SUSD,nusd
Mubarak,MUBARAK,mubarak
Lista USD,LISUSD,helio-protocol-hay
BankrCoin,BNKR,bankercoin-2
Wrapped Centrifuge,WCFG,wrapped-centrifuge
Beincom,BIC,beincom
Big Dog Fink,BINK,big-dog-fink
Tornado Cash,TORN,tornado-cash
Snowbank,SB,snowbank
Open Campus,EDU,edu-coin
Crown by Third Time Games,CROWN,crown-by-third-time-games
PolySwarm,NCT,polyswarm
TokenPocket Token,TPT,token-pocket
Quai Network,QUAI,quai-network
Strike,STRIKE,strike
MinoTari (Tari),XTM,minotari
Binance-Peg DAI,DAI,binance-peg-dai
Bedrock BTC,BRBTC,bedrock-btc
HashKey Platform Token,HSK,hashkey-ecopoints
VitaDAO,VITA,vitadao
MESSIER,M87,messier
SX Network,SX,sx-network-2
Gains Network,GNS,gains-network
Celo Dollar,CUSD,celo-dollar
Bluefin,BLUE,bluefin
ThunderCore,TT,thunder-token
Vine,VINE,vine
Peapods Finance,PEAS,peapods-finance
Hive Dollar,HBD,hive_dollar
RSS3,RSS3,rss3
Radworks,RAD,radicle
Hegic,HEGIC,hegic
Nobody Sausage,NOBODY,nobody-sausage
Liquity BOLD,BOLD,liquity-bold-2
Ampleforth,AMPL,ampleforth
RIZE,RIZE,rize
sDOLA,SDOLA,sdola
Layer3,L3,layer3
Thala APT,THAPT,thala-apt
Mavryk Network,MVRK,mavryk-network
Autonomi,ANT,autonomi
Puffer,PUFFER,puffer-finance
Hot Mom,HOTMOM,hot-mom
DEAPCOIN,DEP,deapcoin
Optio,OPT,optio
AUKI,AUKI,auki-labs
Housecoin,HOUSE,housecoin-2
Hashflow,HFT,hashflow
ynETH MAX,YNETHX,yneth-max
Based Fartcoin,FARTCOIN,based-fartcoin
SkyAI,SKYAI,skyai
NetMind Token,NMT,netmind-token
Syscoin,SYS,syscoin
Stader MaticX,MATICX,stader-maticx
Cortex,CX,cortex-2
Synapse,SYN,synapse-2
Ancient8,A8,ancient8
Orchid Protocol,OXT,orchid-protocol
AIntivirus,AINTI,aintivirus
Ava AI,AVA,ava-ai
AI Rig Complex,ARC,ai-rig-complex
ONFA,OFT,onfa
MAGIC�INTERNET�MONEY (Bitcoin),MIM,magic-internet-money-runes
Pangolin,PNG,pangolin
cUSDC,CUSDC,compound-usd-coin
DAO Maker,DAO,dao-maker
Pixels,PIXEL,pixels
Acala,ACA,acala
ANyONe Protocol,ANYONE,airtor-protocol
Maverick Protocol,MAV,maverick-protocol
APX,APX,apollox-2
BOBO Coin,BOBO,bobo-coin
BitMEX,BMEX,bitmex-token
Nym,NYM,nym
Joe Coin,JOE,joe-coin
GME (Ethereum),GME,game-stop
XT Stablecoin XTUSD,XTUSD,xtusd
BakerySwap,BAKE,bakerytoken
Wojak,WOJAK,wojak
McDull (Meme),MCDULL,mcdull
NodeAI,GPU,nodeai
zkSync Bridged USDC (zkSync),USDC,zksync-bridged-usdc-zksync
Wrapped QUIL,QUIL,wrapped-quil
Hex Trust USD,USDX,hex-trust-usdx
Tiger Shark,TIGERSHARK,tiger-shark
Elastos,ELA,elastos
VICE,VICE,vice-2
CargoX,CXO,cargox
Edge,EDGE,edge
WibeGram,WIBE,wibegram
tao.bot,TAOBOT,tao-bot
NFPrompt,NFP,nfprompt-token
Defiway,DEFI,defiway
OpenServ,SERV,openserv
Law Blocks,LBT,law-blocks
ECOx,ECOX,ecox
Mr. Miggles,MIGGLES,mister-miggles
Torus,TORUS,torus
ELYSIA,EL,elysia
Coinshift USDC,CSUSDC,coinshift-usdc
Ice Open Network,ICE,ice
ParaSwap,PSP,paraswap
Ethernity Chain,ERN,ethernity-chain
Dacxi,DXI,dacxi
Milady Cult Coin,CULT,milady-cult-coin
Fartboy,$FARTBOY,fartboy
Clover Finance,CLV,clover-finance
Parcl,PRCL,parcl
Electroneum,ETN,electroneum
sETH,SETH,seth
Slash Vision Labs,SVL,slash-vision-labs
Uquid Coin,UQC,uquid-coin
Assemble AI,ASM,assemble-protocol
NEURALAI,NEURAL,neuralai
Bridged Tether (Rainbow Bridge),USDT.E,tether-rainbow-bridge
Zora,ZORA,zora
Proprietary Trading Network,PROPRIETARY TRADING NETWORK,dtao-8-Proprietary Trading Network
Avalon,AVL,avalon-2
MAP Protocol,MAPO,marcopolo
Radiant Capital,RDNT,radiant-capital
Stader,SD,stader
Hooked Protocol,HOOK,hooked-protocol
Firmachain,FCT,firmachain
DeGate,DG,degate
Morphware,XMW,morphware
Helium Mobile,MOBILE,helium-mobile
Coinmetro,XCM,coinmetro
Ampleforth Governance,FORTH,ampleforth-governance-token
HairDAO,HAIR,hairdao
Shardus,ULT,shardus
Unicorn Fart Dust,UFD,unicorn-fart-dust
Wen,WEN,wen-4
DUSK,DUSK,dusk-network
Pirate Chain,ARRR,pirate-chain
Aster Staked USDF,ASUSDF,astherus-staked-usdf
Sperax,SPA,sperax
Finvesta,FINVESTA,finvesta
OpenKaito,OPENKAITO,dtao-5-OpenKaito
Tree,TREE,tree-capital
Zerebro,ZEREBRO,zerebro
Everscale,EVER,everscale
MNEE USD Stablecoin,MNEE,mnee-usd-stablecoin
Ankr Staked ETH,ANKRETH,ankreth
Covalent X Token,CXT,covalent-x-token
Bridged USD Coin (StarkGate),USDC,bridged-usd-coin-starkgate
Minswap,MIN,minswap
Bertram The Pomeranian,BERT,bertram-the-pomeranian
Collaterize,COLLAT,collaterize
A Hunters Dream,CAW,a-hunters-dream
Alpha Quark,AQT,alpha-quark-token
Unity,UTY,unity-2
Kendu Inu,KENDU,kendu-inu
Alien Worlds,TLM,alien-worlds
Build On BNB,BOB,build-on-bnb
TAGGER,TAG,tagger
OHO Blockchain,OHO,oho-blockchain
SaucerSwap,SAUCE,saucerswap
Radio Caca,RACA,radio-caca
Groestlcoin,GRS,groestlcoin
Renzo,REZ,renzo
HERBCOIN,HERB,herbcoin
OMG Network,OMG,omisego
Chain-key Bitcoin,CKBTC,chain-key-bitcoin
Aquarius,AQUA,aquarius
Proprietary Trading Network,SN8,proprietary-trading-network
Spring Staked SUI,SSUI,spring-staked-sui
Infrared BGT,IBGT,infrafred-bgt
Zeus Network zBTC,ZBTC,zeus-netwok-zbtc
Mamo,MAMO,mamo
Monerium EUR emoney,EURE,monerium-eur-money-2
Stargate Bridged USDC (Berachain),USDC.E,stargate-bridged-usdc-berachain
LUKSO,LYX,lukso-token-2
Mossland,MOC,mossland
Neon,NEON,neon
PYTHIA,PYTHIA,pythia
LimeWire,LMWR,limewire-token
MAI,MIMATIC,mimatic
World Friendship Cash,WFCA,wfca
Metacade,MCADE,metacade
SuiNS Token,NS,suins-token
OpenKaito,SN5,openkaito
Advertise Coin,ADCO,advertise-coin
World Chain Bridged USDC (World Chain),USDC.E,bridged-usdc-world-chain
WaterNeuron,WTN,waterneuron
Novem Gold Token,NNN,novem-gold
Scout Protocol Token,DEV,scout-protocol-token
Chainflip,FLIP,chainflip
Automata,ATA,automata
EarthMeta,EMT,earthmeta
Orbiter Finance,OBT,orbiter-finance
catwifmask,MASK,catwifmask
Cloud,CLOUD,sanctum-2
KoKoK The Roach,KOKOK,kokok-the-roach
BurnedFi,BURN,burnedfi
NATIX Network,NATIX,natix-network
Suilend,SEND,suilend
Nakamoto Games,NAKA,nakamoto-games
Coinweb,CWEB,coinweb
Dora Factory,DORA,dora-factory-2
Sceptre Staked FLR,SFLR,sceptre-staked-flr
Bubblemaps,BMT,bubblemaps
Tutorial,TUT,tutorial
Phoenix,PHB,phoenix-global
Step Finance,STEP,step-finance
tokenbot,CLANKER,tokenbot-2
BBAChain,BBA,bbachain
Mobox,MBOX,mobox
PinkSale,PINKSALE,pinksale
Victoria VR,VR,victoria-vr
AhaToken,AHT,ahatoken
Jambo,J,jambo
GXChain,GXC,gxchain
Dego Finance,DEGO,dego-finance
Laine Staked SOL,LAINESOL,laine-stake
VeraOne,VRO,veraone
Guardians Of The Spark,GOTS,guardians-of-the-spark
ORIGYN,OGY,origyn-foundation
LayerZero Bridged USDC (Aptos),ZUSDC,layerzero-bridged-usdc-aptos
Araracoin,ARARA,araracoin
DexTools,DEXT,dextools
cDAI,CDAI,cdai
NAVI Protocol,NAVX,navi
Redbelly Network,RBNT,redbelly-network-token
Cudis,CUDIS,cudis
Empyreal,EMP,empyreal
Xterio,XTER,xterio
CZ's Dog,BROCCOLI,czs-dog
PlatON Network,LAT,platon-network
Noon USN,USN,noon-usn
Fuzzybear,FUZZY,fuzzybear
Jelly-My-Jelly,JELLYJELLY,jelly-my-jelly
Self Chain,SLF,self-chain
Fractal Bitcoin,FB,fractal-bitcoin
Vulcan Forged,PYR,vulcan-forged
Aegis YUSD,YUSD,aegis-yusd
Ninja Squad Token,NST,ninja-squad
Gyroscope GYD,GYD,gyroscope-gyd
Santos FC Fan Token,SANTOS,santos-fc-fan-token
Ultra,UOS,ultra
DOVU,DOVU,dovu-2
Pikaboss,PIKA,pikaboss
Gold DAO,GOLDAO,gold-dao
Camino Network,CAM,camino-network
HUMAN Protocol,HMT,human-protocol
The Innovation Game,TIG,the-innovation-game
GENIUS AI,GNUS,genius-ai
RealToken Ecosystem Governance,REG,realtoken-ecosystem-governance
Port3 Network,PORT3,port3-network
Enzyme,MLN,melon
iota,IOTA,dtao-9-iota
Zeta,ZEX,zeta
Epic Chain,EPIC,epic-chain
Guild of Guardians,GOG,guild-of-guardians
SideShift,XAI,sideshift-token
Heima,HEI,heima
ApeX,APEX,apex-token-2
dYdX,ETHDYDX,dydx
Eafin,EAFIN,eafin
Spectre AI,SPECTRE,spectre-ai
Soneium Bridged USDC (Soneium),USDC.E,soneium-bridged-usdc-soneium
ArbDoge AI,AIDOGE,arbdoge-ai
Realio Network Token,RIO,realio-network
ChainBounty,BOUNTY,sentinel-protocol
Cocoro,COCORO,cocoro-2
Levana,LVN,levana-protocol
MorpheusAI,MOR,morpheusai
PURPLE PEPE,PURPE,purple-pepe
Wanchain,WAN,wanchain
Bella Protocol,BEL,bella-protocol
Neuron,NRN,neuron
Dexalot,ALOT,dexalot
pSTAKE Finance,PSTAKE,pstake-finance
Electronic USD,EUSD,electronic-usd
Orderly Network,ORDER,orderly-network
Poollotto.finance,PLT,poollotto-finance
Pups (Bitcoin),PUPS,rune-pups
Magpie,MGP,magpie
Mantle Bridged USDC (Mantle),USDC,mantle-bridged-usdc-mantle
King Protocol,KING,lrt-squared
Haedal Protocol,HAEDAL,haedal
HOPR,HOPR,hopr
Stella,ALPHA,alpha-finance
Qkacoin,QKA,qkacoin
stake.link,SDL,stake-link
Daddy Tate,DADDY,daddy-tate
Hyperlane,HYPER,hyperlane
Doodles,DOOD,doodles
Vow,VOW,vow
Lorenzo Protocol,BANK,lorenzo-protocol
iota,SN9,iota-2
EURA,EURA,ageur
Hanu Yokia,HANU,hanu-yokia
Impossible Finance Launchpad,IDIA,idia
Gelato,GEL,gelato
ElonXCat,EXC,elonxcat
BXN,BXN,bxn
PaLM AI,PALM,palm-ai
Artrade,ATR,artrade
RETARDIO,RETARDIO,retardio
Swarms,SWARMS,swarms
MakerDAO Arbitrum Bridged DAI (Arbitrum One),DAI,makerdao-arbitrum-bridged-dai-arbitrum-one
NKN,NKN,nkn
district0x,DNT,district0x
Dar Open Network,D,dar-open-network
MetaMUI,MMUI,metamui
Alchemix,ALCX,alchemix
IDEX,IDEX,aurora-dao
Strike,STRIKE,strike-2
KernelDAO,KERNEL,kernel-2
Myro,$MYRO,myro
GamerCoin,GHX,gamercoin
SWEAT,SWEAT,sweatcoin
OPENLOOT,OL,open-loot
Derive,DRV,derive
REVOX,REX,revox
Elephant Money,ELEPHANT,elephant-money
Kled AI,KLED,kled-ai
ARPA,ARPA,arpa
ORA Coin,ORA,ora-coin
Polkastarter,POLS,polkastarter
Games for a Living,GFAL,games-for-a-living
Unizen,ZCX,unizen
Equilibria Finance ePENDLE,EPENDLE,equilibria-finance-ependle
L2 Standard Bridged USDT (Base),USDT,l2-standard-bridged-usdt-base
Star Atlas,ATLAS,star-atlas
Gnosis xDai Bridged WETH (Gnosis Chain),WETH,gnosis-xdai-bridged-weth-gnosis-chain
Luna by Virtuals,LUNA,luna-by-virtuals
alright buddy,BUDDY,alright-buddy
Bitgert,BRISE,bitrise-token
Indigo Protocol,INDY,indigo-dao-governance-token
Viction,VIC,tomochain
Fair and Free,FAIR3,fair-and-free
Maya Protocol,CACAO,cacao
Lava Network,LAVA,lava-network
Corn,CORN,corn-3
Lumia,LUMIA,lumia
Aavegotchi,GHST,aavegotchi
Mango,MNGO,mango-markets
League of Kingdoms,LOKA,league-of-kingdoms
StrikeX,STRX,strikecoin
Lido Staked SOL,STSOL,lido-staked-sol
AGENDA 47,A47,agenda-47
MOOxMOO,MOOX,mooxmoo
michi,$MICHI,michicoin
TruFin Staked NEAR,TRUNEAR,trufin-staked-near
PIXL,PIXL,sappy-seals-pixl
Alkimi,$ADS,alkimi
Quickswap [OLD],QUICK,quick
Brickken,BKN,brickken
Nest Elixir Vault (LP),INELIXIR,nest-elixir-vault-lp
Quickswap,QUICK,quickswap
STONKS,STONKS,stonks-5
GoGoPool,GGP,gogopool
Minutes Network Token,MNTX,minutes-network-token
Flamingo Finance,FLM,flamingo-finance
DOGEai,$DOGEAI,dogeai-2
Spectral,SPEC,spectral
RAMP [OLD],RAMP,ramp
StraitsX XUSD,XUSD,straitsx-xusd
IceCream AI,ICECREAM,icecream-ai
SynFutures,F,synfutures
Harvest Finance,FARM,harvest-finance
Badger,BADGER,badger-dao
moonpig,MOONPIG,moonpig
StakeStone,STO,stakestone
Pepecoin,PEP,pepecoin-network
FLOCK,FLOCK,flock-2
Telos,TLOS,telos
Bridged USD Coin (Scroll),USDC,bridged-usd-coin-scroll
DIMO,DIMO,dimo
Attention,ATTN,attention
OG Fan Token,OG,og-fan-token
Based Pepe,PEPE,based-pepe
Foom,FOOM,foom
UFO Token,UFO,ufo-token
MATH,MATH,math
Cortex,CTXC,cortex
Gochujangcoin,GOCHU,gochujangcoin
Basenji,BENJI,basenji
Own The Doge,DOG,the-doge-nft
Adshares,ADS,adshares
IMO,IMO,imo
Asymmetry Finance,ASF,asymmetry-finance
ThetaDrop,TDROP,thetadrop
RARI,RARI,rarible
GIZA,GIZA,giza
Vara Network,VARA,vara-network
Dimitra,DMTR,dimitra
Nineteen.ai,NINETEEN.AI,dtao-19-Nineteen.ai
node.sys,NYS,node-sys
Stake DAO,SDT,stake-dao
OORT,OORT,oort
Definitive,EDGE,definitive
Swell,SWELL,swell-network
GoGoPool ggAVAX,GGAVAX,gogopool-ggavax
WATCoin,WATC,watcoin-2
VIVI COIN,VIVI,vivi-coin
Gunz,GUN,gunz
Propchain,PROPC,propchain
TROLL,TROLL,troll-2
Vertex,VRTX,vertex-protocol
IlluminatiCoin,NATI,illuminaticoin
Dragonchain,DRGN,dragonchain
Sigma,SIGMA,sigma
AMATERASU OMIKAMI,OMIKAMI,amaterasu-omikami
GammaSwap,GS,gammaswap
Pundi X [OLD],NPXS,pundi-x
Reef,REEF,reef
Altura,ALU,altura
Gems VIP,GEMS,gems-vip
Axelrod by Virtuals,AXR,axelrod-by-virtuals
Klever,KLV,klever
Catizen,CATI,catizen
sudeng,HIPPO,sudeng
Fidu,FIDU,fidu
Abster,ABSTER,abster
YU,YU,yu
ShapeShift FOX,FOX,shapeshift-fox-token
Cult DAO,CULT,cult-dao
Sleepless AI,AI,sleepless-ai
Perpetual Protocol,PERP,perpetual-protocol
Numbers Protocol,NUM,numbers-protocol
Paris Saint-Germain Fan Token,PSG,paris-saint-germain-fan-token
Sendcoin,SEND,send-2
MakerDAO Optimism Bridged DAI (Optimism),DAI,makerdao-optimism-bridged-dai-optimism
cBAT,CBAT,compound-basic-attention-token
Stride Staked Atom,STATOM,stride-staked-atom
Nineteen.ai,SN19,nineteen-ai
Mind Network,FHE,mind-network
Flayer,FLAY,flayer
Bridged Tether (Avalanche),USDTE,tether-avalanche-bridged-usdt-e
Balance,EPT,balance
KiboShib,KIBSHI,kiboshib
Eggs Finance,EGGS,eggs-finance
404�GEN,404�GEN,dtao-17-404�GEN
VeBetterDAO,B3TR,vebetterdao
Vertical AI,VERTAI,vertical-ai
Tokemak,TOKE,tokemak
pippin,PIPPIN,pippin
Reddio,RDO,reddio
Open Exchange Token,OX OLD,open-exchange-token
Vita Inu,VINU,vita-inu
Bluzelle,BLZ,bluzelle
O Intelligence Coin,OI,o-intelligence-coin
Star Atlas DAO,POLIS,star-atlas-dao
Gnosis xDAI Bridged USDC (Gnosis),USDC,gnosis-xdai-bridged-usdc-gnosis
YieldNest Restaked ETH,YNETH,yieldnest-restaked-eth
Miracle Play,MPT,miracle-play
EverValue Coin,EVA,evervalue-coin
Hyperpigmentation,$HYPER,hyperpigmentation
Verse World,VERSE,verse-world
REI Network,REI,rei-network
Stafi,FIS,stafi
Zeus,ZEUS,zeus-4
Frontier,FRONT,frontier-token
Cross The Ages,CTA,cross-the-ages
LumiWave,LWA,onbuff
Penpie,PNP,penpie
Houdini Swap,LOCK,houdini-swap
Phoenix Global [OLD],PHB,red-pulse
titcoin,TITCOIN,titcoin-2
NFTX,NFTX,nftx
MilkyWay,MILK,milkyway-2
AstraAI,ASTRA,astraai
Inverse Finance,INV,inverse-finance
Book of Ethereum,BOOE,book-of-ethereum
Vyvo Smart Chain,VSC,vyvo-smart-chain
Contentos,COS,contentos
Phantom Staked SOL,PSOL,phantom-staked-sol
My Lovely Coin,MLC,my-lovely-coin
Aventus,AVT,aventus
CrypstocksAI,MVP,crypstocksai
UPCX,UPC,upcx
PiP,PIP,pip-3
AscendEx,ASD,asd
Mixie,MIXIE,mixie
STRIKE,STRIKE,strike-3
Score,SCORE,dtao-44-Score
AS Roma Fan Token,ASR,as-roma-fan-token
404�GEN,SN17,404-gen
Bridged USD Coin (Linea),USDC,bridged-usd-coin-linea
Counterparty,XCP,counterparty
Mainframe,MFT,mainframe
Allo,RWA,allo
Kofi Aptos,KAPT,kofi-aptos
Aura BAL,AURABAL,aura-bal
COCO COIN,COCO,coco-coin
Frax Price Index Share,FPIS,frax-price-index-share
Gitcoin,GTC,gitcoin
BSquared Network,B2,bsquared-network
StormX,STMX,storm
Hosico Cat,HOSICO,hosico-cat
LOCK IN,LOCKIN,lock-in
Quiztok,QTCON,quiztok
ZUSD,ZUSD,zusd
Agoras: Tau Net,AGRS,agoras-currency-of-tau
CreatorBid,BID,creatorbid
LeverFi,LEVER,lever
World of Dypians,WOD,world-of-dypians
Coral Protocol,CORAL,coral-protocol
META,META,meta-2
Seamless Protocol,SEAM,seamless-protocol
THORWallet DEX,TGT,thorwallet
StandX DUSD,DUSD,standx-dusd
WeatherXM,WXM,weatherxm-network
Karrat,KARRAT,karrat
Minima,MINIMA,minima
OctaSpace,OCTA,octaspace
CHEQD Network,CHEQ,cheqd-network
Shadow Token,SHDW,genesysgo-shadow
dForce USD,USX,token-dforce-usd
MCOIN,MCOIN,mcoin1
Christ Is King,CIK,christ-is-king
Dupe,DUPE,dupe
Data Universe,DATA UNIVERSE,dtao-13-Data Universe
JumpToken,JMPT,jumptoken
Grok,GROK,grok-2
crow with knife,CAW,crow-with-knife
Cronos zkEVM CRO,ZKCRO,cronos-zkevm-cro
Drop Staked NTRN,DNTRN,drop-staked-ntrn
Bridged USD Coin (PulseChain),USDC,usd-coin-pulsechain
DuckChain Token,DUCK,duckchain-token
Relend Network USDC - Starknet,RUSDC-STARK,relend-network-usdc-starknet
PeiPei,PEIPEI,peipeicoin-vip
TERA,TERA,tera-smart-money
Bitget Staked SOL,BGSOL,bitget-staked-sol
Score,SN44,score
Sally A1C,A1C,sally-a1c
Alien Base,ALB,alienbase
Yield Optimizer ETH,YOETH,yield-optimizer-eth
ynBNB MAX,YNBNBX,ynbnb-max
Boson Protocol,BOSON,boson-protocol
NOVA,NOVA,dtao-68-NOVA
Pepes Dog,ZEUS,pepes-dog
Alchemix USD,ALUSD,alchemix-usd
WHY,WHY,why
Enecuum,ENQ,enq-enecuum
DEFI.ssi,DEFI.SSI,defi-ssi
LUKSO [OLD],LYXE,lukso-token
FC Barcelona Fan Token,BAR,fc-barcelona-fan-token
PumpBTC,PUMP,pumpbtc-2
Soil,SOIL,soil
Aki Network,AKI,aki-protocol
Opulous,OPUL,opulous
BasedAI,BASEDAI,basedai
Wrapped Mantle,WMNT,wrapped-mantle
STUFF.io,STUFF,book-2
MEET48,IDOL,meet48
zKML,ZKML,zkml
Salute,SLT,salute
LTO Network,LTO,lto-network
Silo Finance,SILO,silo-finance-2
Elixir,ELX,elixir-finance
XBorg,XBG,xborg
Apex,APEX,dtao-1-Apex
Data Universe,SN13,data-universe
Berachain Staked ETH,BERAETH,berachain-staked-eth
Tranchess,CHESS,tranchess
Rich Quack,QUACK,richquack
American Coin,USA,american-coin
Fulcrom,FUL,fulcrom
Rupiah Token,IDRT,rupiah-token
Cornucopias,COPI,cornucopias
Cratos,CRTS,cratos
Singularry,SINGULARRY,singularry
MOO DENG,MOODENG,moo-deng-2
Doge Killer,LEASH,leash
AMO Coin,AMO,amo
ALEX Lab,ALEX,alexgo
Noot Noot,NOOT,noot-noot
Masa,MASA,masa-finance
Bityuan,BTY,bityuan
Cointel,COLS,cointel
Bridged Wrapped Bitcoin (StarkGate),WBTC,bridged-wrapped-bitcoin-starkgate
WUFFI,WUF,wuffi
Carrot,CRT,carrot-2
Memento,DEXTF,dextf
Equilibria Finance,EQB,equilibria-finance
NOVA,SN68,nova-3
flexUSD,FLEXUSD,flex-usd
Metis Bridged WETH (Metis Andromeda),WETH,metis-bridged-weth-metis-andromeda
Blockasset,BLOCK,blockasset
Frankencoin,ZCHF,frankencoin
Hacken,HAI,hackenai
KRYLL,KRL,kryll
Fantom Bomb,BOMB,fbomb
BitMind,BITMIND,dtao-34-BitMind
GameFi.org,GAFI,gamefi
Litentry,LIT,litentry
SpaceChain (ERC-20),SPC,spacechain-erc-20
SUKU,SUKU,suku
Pibble,PIB,pibble
DeFi Pulse Index,DPI,defipulse-index
Komodo,KMD,komodo
Voxies,VOXEL,voxies
The Root Network,ROOT,the-root-network
Meana Raptor,MRT,meana-raptor
AdEx,ADX,adex
Vestra DAO,VSTR,vestra-dao
Apex,SN1,apex-5
XRP ARMY,ARMY,army-3
BILLION�DOLLAR�CAT (Bitcoin),BDC,billion-dollar-cat-runes
Persistence One,XPRT,persistence
AEROBUD,AEROBUD,aerobud
TOPIA,TOPIA,hytopia
Solayer USD,SUSD,solayer-usd
Based ETH,BSDETH,based-eth
LooksRare,LOOKS,looksrare
Thena,THE,thena
Bridged USDC (Etherlink),USDC,layerzero-bridged-usdc-etherlink
U.CASH,UCASH,ucash
Zenrock,ROCK,zenrock
Ellipsis [OLD],EPS,ellipsis
Orby Network USC Stablecoin,USC,orby-network-usc-stablecoin
Alpha Fi,ALPHA,alpha-fi
Penumbra,UM,penumbra
THORSwap,THOR,thorswap
Bridged USDC (Base),USDBC,bridged-usd-coin-base
Jeff,JEFF,jeff-3
WEMIX Dollar,WEMIX$,wemix-dollar
Loan Protocol,LOAN,proton-loan
Bitcoin Gold,BTG,bitcoin-gold
Bridged Tether (Orbit Bridge),OUSDT,orbit-bridge-klaytn-usd-tether
Origin Sonic,OS,origin-staked-s
BOOP,BOOP,boop-4
PIVX,PIVX,pivx
BOB,BOB,bob-3
Department Of Government Efficiency,DOGE,department-of-government-efficiency
MemeFi,MEMEFI,memefi-2
Obol,OBOL,obol-2
Dolomite,DOLO,dolomite
Lingo,LINGO,lingo
bemo Staked TON,STTON,bemo-staked-ton
BitMind,SN34,bitmind
Swell Restaked BTC,SWBTC,swell-restaked-btc
Biswap,BSW,biswap
PAID,PAID,paid-network
Otherworld,OWN,otherworld
Volt Inu,VOLT,volt-inu-2
sUSD (Optimism),SUSD,susd-optimism
Jager Hunter,JAGER,jager-hunter
Nest Treasury Vault,NTBILL,nest-treasury-vault
FIO Protocol,FIO,fio-protocol
Taraxa,TARA,taraxa
Ethix,ETHIX,ethichub
Nibiru,NIBI,nibiru
Firo,FIRO,zcoin
Shadow Liquid Staking Token,X33,shadow-liquid-staking-token
Synternet,SYNT,synternet-synt
GME,GME,gme
JETT CRYPTO,JETT,jett-crypto
Solace,$SOLACE,solace-2
Planet IX,IXT,ix-token
WeFi,WFI,wefi
KLEVA,KLEVA,kleva
Binance-Peg EOS,EOS,binance-peg-eos
Osmosis allBTC,BTC,osmosis-allbtc
Avalanche Bridged DAI (Avalanche),DAI,avalanche-bridged-dai-avalanche
Moby AI,MOBY,moby-ai
Thought,THT,thought
Wagmi,WAGMI,wagmi-2
PEPPER,PEPPER,pepper
SYMMIO,SYMM,symmio
Bellscoin,BELLS,bellscoin
Scallop,SCA,scallop-2
Virgen,VIRGEN,virgen
Ribbon Finance,RBN,ribbon-finance
Stader BNBx,BNBX,stader-bnbx
Koma Inu,KOMA,koma-inu
CEEK Smart VR,CEEK,ceek
ValleyDAO,GROW,valleydao
Cryptex Finance,CTX,cryptex-finance
bitsCrunch Token,BCUT,bitscrunch-token
Clash of Lilliput,COL,clash-of-lilliput
COCA,COCA,coca
Botto,BOTTO,botto
Nimiq,NIM,nimiq-2
Samoyedcoin,SAMO,samoyedcoin
MANEKI,MANEKI,maneki
Nuvola Digital,NVL,nuvola-digital
Eclipse Bridged USDC (Eclipse),USDC,eclipse-bridged-usdc-eclipse
Bitrue Coin,BTR,bitrue-token
QUP Coin,QUP,qup-coin
StablR Euro,EURR,stablr-euro
Wrapped STEAMX,WSTEAMX,steam-exchange
OX Coin,OX,ox-fun
Beefy,BIFI,beefy-finance
Grumpy Cat Coin,GRUMPY,grumpy-cat-coin
YUSD Stablecoin,YUSD,yusd-stablecoin
Comtech Gold,CGO,comtech-gold
Wecan,WECAN,wecan
Akio,AKIO,akio
HyperEVM Bridged USDE (HyperEVM),USDE,hyperevm-bridged-usde-hyperevm
SPARTA,SPARTA,sparta-2
Galaxia,GXA,galaxia
Mochi,MOCHI,mochi-thecatcoin
Sovrun,SOVRN,sovrun
Amnis Staked Aptos Coin,STAPT,amnis-staked-aptos-coin
SwissCheese,SWCH,swisscheese
SEDA,SEDA,seda-2
DexNet,DEXNET,dexnet
draiftking,DKING,draiftking
VAIOT,VAI,vaiot
Clore.ai,CLORE,clore-ai
Measurable Data,MDT,measurable-data-token
Aura Finance,AURA,aura-finance
lmeow,LMEOW,lmeow-2
AION 5100,AION,aion-5100
Native Decentralized Euro Protocol Share,NDEPS,native-decentralized-euro-protocol-share
KONDUX,KNDX,kondux-v2
Propbase,PROPS,propbase
Bytecoin,BCN,bytecoin
Observer,OBSR,observer-coin
Hifi Finance,HIFI,hifi-finance
Ambire Wallet,WALLET,ambire-wallet
Polimec,PLMC,polimec
MileVerse,MVC,mileverse
Brett (ETH),BRETT,brett-memecoin
RIFT AI,RIFT,rift-ai
Aladdin DAO,ALD,aladdin-dao
GOUT,GOUT,gout
Gradient,GRAY,gradient
Hoppy,HOPPY,hoppy-meme
Pirate Nation Token,PIRATE,pirate-token
RabBitcoin,RBTC,rabbitcoin-2
Puss,PUSS,puss
Avalaunch,XAVA,avalaunch
Switch Token,SWITCH,switch-token
BasisOS by Virtuals,BIOS,basisos-by-virtuals
Foxsy AI,FOXSY,foxsy-ai
Palm Economy,PALM,palm-economy
Pocketcoin,PKOIN,pocketcoin
MixMarvel,MIX,mixmarvel
YULI,YULI,yuli
Alvara Protocol,ALVA,alvara-protocol
MYX Finance,MYX,myx-finance
Shadow,SHADOW,shadow-2
Save,SAVE,save
Karate Combat,KARATE,karate-combat
Shoggoth,SHOGGOTH,shoggoth
Aleph Cloud,ALEPH,aleph
TriasLab,TRIAS,trias-token
ReadyAI,READYAI,dtao-33-ReadyAI
Tokocrypto,TKO,tokocrypto
Boba Oppa,BOBAOPPA,boba-oppa
Flare Staked Ether,FLRETH,flare-staked-ether
Goldcoin,GLC,goldcoin
Streamr,DATA,streamr
StorX,SRX,storx
WazirX,WRX,wazirx
DoubleUp,UP,doubleup
Bodega,BODEGA,bodega
Dmail Network,DMAIL,dmail-network
Official Crypto Nostra,OCN,official-crypto-nostra
Function X,FX,fx-coin
Kleros,PNK,kleros
BOTIFY,BOTIFY,botify
RWAX,APP,moon-app
Dione,DIONE,dione
mfercoin,MFER,mfercoin
Overtime,OVER,overtime
Nexera,NXRA,allianceblock-nexera
AVAX HAS NO CHILL,NOCHILL,avax-has-no-chill
Pixer Eternity,PXT,pixer-eternity
Helium IOT,IOT,helium-iot
Juventus Fan Token,JUV,juventus-fan-token
Degenerate SQuiD,SQDGN,degenerate-squid
Skullcoin,SKULL,skullcoin-2
Lazio Fan Token,LAZIO,lazio-fan-token
Metahero,HERO,metahero
XSGD,XSGD,xsgd
JetTon Games,JETTON,jetton
JuliaOS,JOS,juliaos
Sovryn,SOV,sovryn
SwarmNode.ai,SNAI,swarmnode-ai
Swarm,BZZ,swarm-bzz
Galatasaray Fan Token,GAL,galatasaray-fan-token
Game7,G7,game7
USSI,USSI,ussi
KYVE Network,KYVE,kyve-network
360noscope420blazeit,MLG,360noscope420blazeit
Sturdy,STURDY,dtao-10-Sturdy
Wrapped gBera,WGBERA,wrapped-gbera
Defi.money,MONEY,defi-money
Origin Dollar,OUSD,origin-dollar
NuNet,NTX,nunet
Nexa,NEXA,nexacoin
Orion,ORN,orion-protocol
ReadyAI,SN33,readyai
Broccoli,BROCCOLI,broccoli-3
iMe Lab,LIME,ime-lab
BFG Token,BFG,bfg-token
LIMITUS,LMT,limitus
FEED EVERY GORILLA,FEG,feg-token-2
TEDDY BEAR,BEAR,teddy-bear
Mother Iggy,MOTHER,mother-iggy
CaptainBNB,CAPTAINBNB,captainbnb
StakeWise,SWISE,stakewise
ChainSwap,CSWAP,chainswap-3
Ren,REN,republic-protocol
Iron Fish,IRON,iron-fish
Tenset,10SET,tenset
Tajir Tech Hub,TJRM,tajir-tech-hub
Resupply,RSUP,resupply
uTON,UTON,uton
Tensorplex Staked TAO,STTAO,tensorplex-staked-tao
Streamr XDATA,XDATA,streamr-xdata
Shardeum,SHM,shardeum
InfinitiCoin,INCO,infiniticoin
Candle TV,CANDLE,candle-tv
Altered State Machine,ASTO,altered-state-token
Parabolic,PARAX,parabolic-3
Index Cooperative,INDEX,index-cooperative
ZTX,ZTX,ztx
Gasspas,GASS,gasspas
Manchester City Fan Token,CITY,manchester-city-fan-token
Sidus,SIDUS,sidus
Thales,THALES,thales
Agent Ted,TED,agent-ted
Kishu Inu,KISHU,kishu-inu
Skey Network,SKEY,skey-network
Solcasino Token,SCS,solcasino-token
MusmeCoin,MSM,musmecoin
Spectra,SPECTRA,spectra-finance
MUMU THE BULL,MUMU,mumu-the-bull-3
Fluence,FLT,fluence-2
Zephyr Protocol,ZEPH,zephyr-protocol
Chain Games,CHAIN,chain-games
Xbit,XBT,xbit
Coupon Assets,CA,ca-htb
Pharaoh,PHAR,pharaoh
Bedrock,BR,bedrock-token
Pluton,PLU,pluton
Cere Network,CERE,cere-network
PEPECAT,PEPECAT,pepecat-2
Sturdy,SN10,sturdy-subnet
Pandora,PANDORA,pandora
Primate,PRIMATE,primate
Odos,ODOS,odos
YETI,YETI,yeti-2
Diamond,DMD,diamond
Saito,SAITO,saito
Galeon,GALEON,galeon
Pinto,PINTO,pinto
Nacho the Kat,NACHO,nacho-the-kat
Kasta,KASTA,kasta
FROK,FROK,frok-ai
VON,VON,von
ORBIT,GRIFT,orbit-3
Gnosis xDAI Bridged USDC (Gnosis),USDC.E,bridged-usdc-gnosis
MantaDAO,MNTA,mantadao
Compute Horde,COMPUTE HORDE,dtao-12-Compute Horde
Distribute.ai,DIS,distribute-ai
Gigabrain by virtuals,BRAIN,gigabrain-by-virtuals
TRUF.Network,TRUF,truflation
Meeds DAO,MEED,meeds-dao
Wall Street Pepe,WEPE,wall-street-pepe
ZND Token,ZND,znd-token
Mars Protocol,MARS,mars-protocol-a7fcbcfb-fd61-4017-92f0-7ee9f9cc6da3
SolanaHub staked SOL,HUBSOL,solanahub-staked-sol
MUX Protocol,MCB,mcdex
MON,MON,mon-protocol
Hathor,HTR,hathor
Base God,TYBG,base-god
LinqAI,LNQ,linqai
The SWARM,SWARM,the-swarm
BiLira,TRYB,bilira
ether.fi Staked EIGEN,EEIGEN,ether-fi-staked-eigen
BONGO CAT,BONGO,bongo-cat
XEN Crypto,XEN,xen-crypto
CHEDDA,CHDD,chedda-3
Streamflow,STREAM,streamflow
Hydranet,HDN,hydranet
TRAC (Ordinals),TRAC,trac
XSwap,XSWAP,xswap-2
Agoric,BLD,agoric
Retard Finder Coin,RFC,retard-finder-coin
BLUB,BLUB,blub
Octopus Network,OCT,octopus-network
Sturdy,STRDY,sturdy
Hydro Protocol,HDRO,hydro-protocol-2
Nuklai,NAI,nuklai
BMX,BMX,bmx
Silo Finance [OLD],SILO,silo-finance
KCC Bridged USDT (Kucoin Community Chain),USDT,kucoin-bridged-usdt-kucoin-community-chain
WAGMI Games,WAGMIGAMES,wagmi-game-2
0xGasless,0XGAS,0xgasless-2
Hamilton Lane Senior Credit Opportunities Securitize Fund,HLSCOPE,hamilton-lane-senior-credit-opportunities-securitize-fund
Hatom,HTM,hatom
XX Network,XX,xxcoin
Drop Staked ATOM,DATOM,drop-staked-atom
U2U Network,U2U,unicorn-ultra
TrustSwap,SWAP,trustswap
GYEN,GYEN,gyen
Bread,BREAD,bread-2
b14g dualCORE,DUALCORE,b14g-dualcore
Skate,SKATE,skate
Sensay,SNSY,sensay
Pika Protocol,PIKA,pika-protocol
Sabai Protocol,SABAI,sabai-ecovers
Rabbi Schlomo by Virtuals,SHEKEL,rabbi-schlomo-by-virtuals
Altcoinist Token,ALTT,altcoinist-token
Compute Horde,SN12,compute-horde
Hipo Governance Token,HPO,hipo-governance-token
aixCB by Virtuals,AIXCB,aixcb-by-virtuals
Solana Social Explorer,SSE,solana-social-explorer
mETH Protocol,COOK,meth-protocol
LeisureMeta,LM,leisuremeta
Aragon,ANT,aragon
Dojo,DOJO,dtao-52-Dojo
Nest Basis Vault,NBASIS,nest-basis-vault
BeethovenX sFTMX,SFTMX,stader-sftmx
Alpine F1 Team Fan Token,ALPINE,alpine-f1-team-fan-token
STEPN Green Satoshi Token on Solana,GST-SOL,green-satoshi-token
Moonchain,MXC,mxc
Wrapped Origin Sonic,WOS,wrapped-sonic-origin
Catbal,CATBAL,catbal
Bitcoin USD (BTCFi),BTCUSD,bitcoin-usd-btcfi
xSUSHI,XSUSHI,xsushi
Polaris Share,POLA,polaris-share
chrono.tech,TIME,chronobank
NUMBER,$NUMBER,number
Mode,MODE,mode
PAW,PAW,pawswap
Steem Dollars,SBD,steem-dollars
GraphLinq Chain,GLQ,graphlinq-protocol
Mysterium,MYST,mysterium
Extra Finance,EXTRA,extra-finance
Cellframe,CELL,cellframe
Lion Cat,LCAT,lion-cat
Reental,RNT,reental
Prosper [OLD],PROS,prosper
Peercoin,PPC,peercoin
Heroes of Mavia,MAVIA,heroes-of-mavia
OPEN Ticketing Ecosystem,OPN,open-ticketing-ecosystem
Arianee,ARIA20,arianee
BitmapPunks,BMP,bitmappunks
New XAI Gork,GORK,new-xai-gork
Veno Finance,VNO,veno-finance
Gram,GRAM,gram-2
Jerry The Turtle By Matt Furie,JYAI,jerry-the-turtle-by-matt-furie
Wexo,WEXO,wexo
Kepple [OLD],QLC,qlink
UNCX Network,UNCX,unicrypt-2
Stonks,STNK,stonks-4
LooPIN Network,LOOPIN,loopin-network
zkLink,ZKL,zklink
Eagle AI,EAI,eagle-ai
Holdstation,HOLD,holdstation
EfficientFrontier,EFFICIENTFRONTIER,dtao-53-EfficientFrontier
Hege,HEGE,hege
IPOR,IPOR,ipor
Aurory,AURY,aurory
Camelot Token,GRAIL,camelot-token
Dojo,SN52,dojo-3
Ultiverse,ULTI,ultiverse
Beethoven X (Legacy),BEETS-LEGACY,beethoven-x
GATSBY,GATSBY,gatsby
Evernode,EVR,evernode
Zero1 Labs,DEAI,zero1-labs
HashPack,PACK,hashpack
Smoking Chicken Fish,SCF,smoking-chicken-fish
Bridged USDC (Immutable zkEVM),USDC,bridged-usdc-immutable-zkevm
Xandeum,XAND,xandeum
MAGA,TRUMP,maga
Stonks on ETH,STONKS,stonks-on-eth
Unchain X,UNX,unchain-x
Stronghold Staked SOL,STRONGSOL,stronghold-staked-sol
Conwai,CONWAI,conwai
Quantoz USDQ,USDQ,quantoz-usdq
Lifeform,LFT,lifeform
PVS,PVS,pvs
Kinto,K,kinto
SquidGrow,SQGROW,squidgrow-2
KOBAN,KOBAN,koban
renBTC,RENBTC,renbtc
Space Nation Oikos,OIK,space-nation-oikos
Bloktopia,BLOK,bloktopia
Tectonic,TONIC,tectonic
AirSwap,AST,airswap
Session Token,SESH,session-token
KONET,KONET,konet
mini,MINI,minimini
PepeFork,PORK,pepefork
Atletico Madrid Fan Token,ATM,atletico-madrid
Adappter,ADP,adappter-token
Bridged Tether (Scroll),USDT,bridged-tether-scroll
Multichain Bridged USDC (Fantom),USDC,multichain-bridged-usdc-fantom
Polycule,PCULE,polycule
Handy,HANDY,handy
Apertum,APTM,apertum
BBQCOIN,BBQ,bbqcoin
EfficientFrontier,SN53,efficientfrontier
ZynCoin,ZYN,zyncoin-2
UFO Gaming,UFO,ufo-gaming
just buy $1 worth of this coin,$1,just-buy-1-worth-of-this-coin
Graphite,GRAPHITE,dtao-43-Graphite
OSOL,OSOL,osol
Bad Idea AI,BAD,bad-idea-ai
dHEDGE DAO,DHT,dhedge-dao
AC Milan Fan Token,ACM,ac-milan-fan-token
AgriDex,AGRI,agridex-governance-token
Elys,ELYS,elys-network
Epic Cash,EPIC,epic-cash
Tarot,TAROT,tarot-2
Laqira Protocol,LQR,laqira-protocol
Alpha City,AMETA,alpha-city
Bizzy by Virtuals,BIZ,bizzy-by-virtuals
Velas,VLX,velas
WINK,WINK,wink-2
Muse DAO,MUSE,muse-2
Aleph Zero,AZERO,aleph-zero
Colony,CLY,colony
CoinNavigator,CNG,coinnavigator
DecideAI,DCD,modclub
Dinero,DINERO,dinero-2
Reactive Network,REACT,reactive-network
Paintswap,BRUSH,paint-swap
Fracton Protocol,FT,fracton-protocol
Libra,LIBRA,libra-5
Celo Euro,CEUR,celo-euro
NAIFU,NAIFU,naifu
Jackal Protocol,JKL,jackal-protocol
Unagi Token,UNA,unagi-token
Liquid Mercury,MERC,liquid-mercury
sETH2,SETH2,seth2
Re7 WETH,RE7WETH,re7-weth
Pear Protocol,PEAR,pear-protocol
Wise Monkey,MONKY,wise-monkey
PHNIX,PHNIX,phnix
Stargate Bridged USDC (Abstract),USDC.E,stargate-bridged-usdc-abstract
Veterans for the Cause,VETS,veterans-for-the-cause
Happy Cat,HAPPY,happycat-2
Garden,SEED,garden-2
Black Unicorn Corp.,MOON,black-unicorn-corp
1GUY,1GUY,1guy
Reploy,RAI,reploy
NUMINE Token,NUMI,numine-token
CFGI,CFGI,cfgi
Argentine Football Association Fan Token,ARG,argentine-football-association-fan-token
OmniFlix Network,FLIX,omniflix-network
Graphite,SN43,graphite
Financie Token,FNCT,financie-token
Moon Tropica,CAH,moon-tropica
Hive AI,BUZZ,hive-ai
Resistance Dog,REDO,resistance-dog
Portal,PORTAL,portal-2
Prefrontal Cortex Convo Agent by Virtuals,CONVO,prefrontal-cortex-convo-agent-by-virtuals
Amnis Finance,AMI,ami
f(x) Protocol,FXN,fxn-token
noice,NOICE,noice
Robonomics Network,XRT,robonomics-network
Hippius,HIPPIUS,dtao-75-Hippius
Dream Machine Token,DMT,dream-machine-token
Tokyo Games Token,TGT,tokyo-games-token
eVa-ai,$EVA,eva-ai
Pallapay,PALLA,pallapay
WXT Token,WXT,wirex
Thala,THL,thala
LocalCoinSwap,LCS,localcoinswap
ParallelAI,PAI,parallelai
Bitcoin Bit,BCB,bitcoin-bit
Shrapnel,SHRAP,shrapnel-2
Lumoz,MOZ,lumoz
Bucket Token,BUT,bucket-token
GT Protocol,GTAI,gt-protocol
Ethervista,VISTA,ethervista
DexCheck AI,DCK,dexcheck
Foxy,FOXY,foxy
Blood Crystal,BC,blood-crystal
GIZMO,GIZMO,gizmo-imaginary-kitten-runes
Nest Alpha Vault,NALPHA,nest-alpha-vault
Startup,STARTUP,startup
BEAM,BEAM,beam
CryptoAutos,AUTOS,cryptoautos
Bunni,BUNNI,bunni
NULS,NULS,nuls
Index Coop - ETH 2x Flexible Leverage Index,ETH2X-FLI,eth-2x-flexible-leverage-index
Wrapped AyeAyeCoin,WAAC,wrapped-ayeayecoin
Chill House,CHILLHOUSE,chill-house
Everclear,CLEAR,everclear
Cryptocurrency Coin,CRYPTO,cryptocurrency-coin
Gomble,GM,gomble
XPmarket,XPM,xpmarket
Bitcoin Diamond,BCD,bitcoin-diamond
Ore,ORE,ore
Polytrade,TRADE,polytrade
JUNO,JUNO,juno-network
Arc,ARC,arc
Nodecoin,NC,nodecoin
Zenon,ZNN,zenon-2
Sharpe AI,SAI,sharpe-ai
Tron Bull,BULL,tron-bull
Sentinel,P2P,sentinel
Dolan Duck,DOLAN,dolan-duck
StablR USD,USDR,stablr-usd
Pepe 2.0,PEPE2.0,pepe-2-0
Stratos,STOS,stratos
Wise,WISE,wise-token11
KCC Bridged WETH (Kucoin Community Chain),WETH,kcc-bridged-weth-kucoin-community-chain
Districts,DSTRX,districts
RCH Token,RCH,rch-token
TOKERO,TOKERO,tokero-levelup-token
HyperGPT,HGPT,hypergpt
Adrena,ADX,adrena
CAT Terminal,CAT,cat-terminal
Luckycoin,LKY,luckycoin
RyuJin,RYU,ryujin
cUNI,CUNI,compound-uniswap
Euro Tether,EURT,tether-eurt
Rally,RLY,rally-2
RAI Finance,SOFI,rai-finance
BountyMarketCap,BMC,bountymarketcap
AXEL,AXEL,axel
Relend Network USDC (Swell),RUSDC,relend-network-usdc-swell
Argocoin,AGC,argocoin-2
Hippius,SN75,hippius
PLAYA3ULL GAMES,3ULL,playa3ull-games-2
Shiro Neko,SHIRO,shiro-neko-2
Manta mETH,METH,manta-meth
KiloEx,KILO,kiloex
Mainframe,MAINFRAME,dtao-25-Mainframe
Luce,LUCE,offcial-mascot-of-the-holy-year
The Balkan Dwarf,$KEKEC,the-balkan-dwarf
City Tycoon Games,CTG,city-tycoon-games
Step App,FITFI,step-app-fitfi
Maple,MPL,maple
Openfabric AI,OFN,openfabric
Harold,HAROLD,haroldonsol
Balanced Dollars,BNUSD,balanced-dollars
Base is for everyone,BASEISFOREVERYONE,base-is-for-everyone
Jesus Coin,JESUS,jesus-coin
Alpaca Finance,ALPACA,alpaca-finance
Matr1x,MAX,matr1x
Pain,PAIN,pain
Bifrost,BNC,bifrost-native-coin
Zypto Token,ZYPTO,french-connection-finance
Slothana,SLOTH,slothana
Rivalz Network,RIZ,rivalz-network
Santiment Network,SAN,santiment-network-token
XDB CHAIN,XDB,digitalbits
Bondex,BDXN,bondex
Draggin Karma Points,DKP,draggin-karma-points
BLOCKLORDS,LRDS,blocklords
Token Metrics AI,TMAI,token-metrics-ai
VaultCraft,VCX,vaultcraft
Ajna Protocol,AJNA,ajna-protocol
Katana Inu,KATA,katana-inu
aZen,AZEN,azen
Abelian,ABEL,abelian
Tectum,TET,tectum
Aura,AURA,aura-2
zkSync Bridged WBTC (zkSync),WBTC,zksync-bridged-wbtc-zksync
Acolyt,ACOLYT,acolyte-by-virtuals
Augur,REP,augur
Elephant Money (TRUNK),TRUNK,elephant-money-trunk
Phantasma,SOUL,phantasma
JAM,JAM,jam
PARSIQ,PRQ,parsiq
Dark Eclipse,DARK,dark-eclipse
Heurist,HEU,heurist
GoldenCat,CATS,goldencat
Router Protocol,ROUTE,router-protocol-2
SNAP,$NAP,snap-kero
Pwease,PWEASE,pwease
Premia,PREMIA,premia
Energi,NRG,energi
Syrax AI,SYRAX,syrax-ai
Liquidity,LIQUIDITY,dtao-77-Liquidity
Unit Bitcoin,UBTC,unit-bitcoin
Good Person Coin,GPCX,good-person-coin
Solanium,SLIM,solanium
AR.IO Network,ARIO,ar-io-network
Thruster,THRUST,thruster
LayerZero Bridged USDT (Aptos),ZUSDT,layerzero-bridged-usdt-aptos
CateCoin,CATE,catecoin
Inter Milan Fan Token,INTER,inter-milan-fan-token
Mintify,MINT,mintify
Mainframe,SN25,mainframe-2
ROACORE,ROA,roaland-core
Dippy,DIPPY,dtao-11-Dippy
Ridges AI,RIDGES AI,dtao-62-Ridges AI
SPORTSTENSOR,SPORTSTENSOR,dtao-41-SPORTSTENSOR
Patrol (TAO.com),PATROL (TAO.COM),dtao-81-Patrol (TAO.com)
Synth,SYNTH,dtao-50-Synth
Gaia,GAIA,dtao-57-Gaia
omron ??,OMRON ??,dtao-2-omron ??
BitAds,BITADS,dtao-16-BitAds
SWE - Rizzo,SWE - RIZZO,dtao-45-SWE - Rizzo
Infinite Games,INFINITE GAMES,dtao-6-Infinite Games
Vidaio,VIDAIO,dtao-85-Vidaio
Real-Time Data by Masa,REAL-TIME DATA BY MASA,dtao-42-Real-Time Data by Masa
Zeus,ZEUS,dtao-18-Zeus
Precog,PRECOG,dtao-55-Precog
StreetVision by NATIX,STREETVISION BY NATIX,dtao-72-StreetVision by NATIX
Finetuning,FINETUNING,dtao-37-Finetuning
BitAgent - Rizzo,BITAGENT - RIZZO,dtao-20-BitAgent - Rizzo
Desearch,DESEARCH,dtao-22-Desearch
RedTeam,REDTEAM,dtao-61-RedTeam
Bettensor,BETTENSOR,dtao-30-Bettensor
ain,AIN,dtao-69-ain
TAO Private Network,TAO PRIVATE NETWORK,dtao-65-TAO Private Network
Neural Internet,NEURAL INTERNET,dtao-27-Neural Internet
OMEGA Any-to-Any,OMEGA ANY-TO-ANY,dtao-21-OMEGA Any-to-Any
Unknown,UNKNOWN,dtao-15-Unknown
Coldint,COLDINT,dtao-29-Coldint
ItsAI,ITSAI,dtao-32-ItsAI
oracle,ORACLE,dtao-28-oracle
NextPlace,NEXTPLACE,dtao-48-NextPlace
CANDLES,CANDLES,dtao-31-CANDLES
Yanez MIID,YANEZ MIID,dtao-54-Yanez MIID
SubVortex,SUBVORTEX,dtao-7-SubVortex
Dippy Speech,DIPPY SPEECH,dtao-58-Dippy Speech
Web Agents - Autoppia,WEB AGENTS - AUTOPPIA,dtao-36-Web Agents - Autoppia
Storb,STORB,dtao-26-Storb
Distributed Training,DISTRIBUTED TRAINING,dtao-38-Distributed Training
?aos,?AOS,dtao-79-?aos
OMEGA Labs,OMEGA LABS,dtao-24-OMEGA Labs
Nuance,NUANCE,dtao-23-Nuance
for sale,FOR SALE,dtao-47-for sale
Bitsec.ai,BITSEC.AI,dtao-60-Bitsec.ai
S??king,S??KING,dtao-88-S??king
Neural3D,NEURAL3D,dtao-46-Neural3D
Safe Scan,SAFE SCAN,dtao-76-Safe Scan
Chunking,CHUNKING,dtao-40-Chunking
Alpha Trader Exchange (ATX),ALPHA TRADER EXCHANGE (ATX),dtao-63-Alpha Trader Exchange (ATX)
FLock OFF,FLOCK OFF,dtao-96-FLock OFF
w.ai (Parked),W.AI (PARKED),dtao-39-w.ai (Parked)
Vericore,VERICORE,dtao-70-Vericore
waw,WAW,dtao-78-waw
polariscloud.ai,POLARISCLOUD.AI,dtao-49-polariscloud.ai
Agent Arena by Masa,AGENT ARENA BY MASA,dtao-59-Agent Arena by Masa
uruz,URUZ,dtao-82-uruz
tensorprox,TENSORPROX,dtao-91-tensorprox
LogicNet,LOGICNET,dtao-35-LogicNet
FakeNews,FAKENEWS,dtao-66-FakeNews
AI Factory,AI FACTORY,dtao-80-AI Factory
merit,MERIT,dtao-73-merit
Bitcast,BITCAST,dtao-93-Bitcast
VoidAI,VOIDAI,dtao-106-VoidAI
lam,LAM,dtao-74-lam
Docs-Insights (Ta?su),DOCS-INSIGHTS (TA?SU),dtao-84-Docs-Insights (Ta?su)
Revest Finance,RVST,revest-finance
Eastworld,EASTWORLD,dtao-94-Eastworld
ReinforcedAI,REINFORCEDAI,dtao-92-ReinforcedAI
ta,TA,dtao-67-ta
CheckerChain,CHECKERCHAIN,dtao-87-CheckerChain
fa,FA,dtao-71-fa
Creator,CREATOR,dtao-98-Creator
FlameWire ??,FLAMEWIRE ??,dtao-97-FlameWire ??
MIAO,MIAO,dtao-86-MIAO
ben,BEN,dtao-104-ben
SoundsRight,SOUNDSRIGHT,dtao-105-SoundsRight
Internet of Intelligence,INTERNET OF INTELLIGENCE,dtao-108-Internet of Intelligence
taonado,TAONADO,dtao-113-taonado
InfiniteVibe.ai,INFINITEVIBE.AI,dtao-89-InfiniteVibe.ai
Tiger Alpha,TIGER ALPHA,dtao-107-Tiger Alpha
affine,AFFINE,dtao-120-affine
thurisaz,THURISAZ,dtao-83-thurisaz
brain,BRAIN,dtao-90-brain
nion,NION,dtao-95-nion
Signal,SIGNAL,dtao-100-Signal
ayp,AYP,dtao-103-ayp
RNA,RNA,dtao-117-RNA
Algo,ALGO,dtao-99-Algo
eni,ENI,dtao-101-eni
grave,GRAVE,dtao-110-grave
for sale,FOR SALE,dtao-102-for sale
vida,VIDA,dtao-119-vida
oneoneone,ONEONEONE,dtao-111-oneoneone
Si,SI,dtao-109-Si
TopSecret,TOPSECRET,dtao-112-TopSecret
SolMev,SOLMEV,dtao-116-SolMev
?clipse Project,?CLIPSE PROJECT,dtao-114-?clipse Project
Cognify,COGNIFY,dtao-115-Cognify
alfas,ALFAS,dtao-118-alfas
HTX DAO,HTX,htx-dao
